playerId,Player name,Mat,Inn,Balls,Runs,Wkt,BBI,BBM,Eco,AVG,5W,10W
265.0,MS Dhoni,350,2,36,31,1,14 / 1,14 / 1,5.17,31.0,0,0
7836.0,Deepak Chahar,7,7,312,313,10,37 / 2,37 / 2,6.02,31.3,0,0
10420.0,Sam Curran,14,14,592,578,15,48 / 5,48 / 5,5.86,38.53,1,0
11813.0,Ruturaj Gaikwad,0,0,0,0,0,0,0,0,0,0,0
6667.0,Imran Tahir,107,104,5541,4297,173,45 / 7,45 / 7,4.65,24.84,3,0
1851.0,Kedar Jadhav,73,42,1187,1020,27,23 / 3,23 / 3,5.16,37.78,0,0
9783.0,Monu Kumar,0,0,0,0,0,0,0,0,0,0,0
6311.0,Ambati Rayudu,55,9,121,124,3,5 / 1,5 / 1,6.15,41.33,0,0
10100.0,Mitchell Santner,77,72,3505,2845,80,50 / 5,50 / 5,4.87,35.56,1,0
8683.0,Shardul Thakur,19,19,909,1004,25,52 / 4,52 / 4,6.63,40.16,0,0
158.0,Shane Watson,190,163,6466,5342,168,36 / 4,36 / 4,4.96,31.8,0,0
75.0,Harbhajan Singh,236,227,12479,8973,269,31 / 5,31 / 5,4.31,33.36,3,0
413.0,Suresh Raina,226,101,2126,1811,36,34 / 3,34 / 3,5.11,50.31,0,0
242.0,Dwayne Bravo,164,150,6511,5874,199,43 / 6,43 / 6,5.41,29.52,1,0
1597.0,Murali Vijay,17,2,36,37,1,19 / 1,19 / 1,6.17,37.0,0,0
1844.0,Karn Sharma,2,2,114,125,0,61 / 0,61 / 0,6.58,0.0,0,0
11595.0,Ravisrinivasan Sai Kishore,0,0,0,0,0,0,0,0,0,0,0
11595.0,Ravisrinivasan Sai Kishore,0,0,0,0,0,0,0,0,0,0,0
11595.0,R Sai Kishore,0,0,0,0,0,0,0,0,0,0,0
11595.0,R Sai Kishore,0,0,0,0,0,0,0,0,0,0,0
9603.0,Lungi Ngidi,36,36,1764,1643,62,58 / 6,58 / 6,5.59,26.5,1,0
11675.0,Narayan Jagadeesan,0,0,0,0,0,0,0,0,0,0,0
587.0,Ravindra Jadeja,171,166,8611,7062,189,36 / 5,36 / 5,4.92,37.37,1,0
6258.0,Josh Hazlewood,61,60,3230,2537,97,52 / 6,52 / 6,4.71,26.15,3,0
7825.0,Faf du Plessis,143,11,192,189,2,8 / 1,8 / 1,5.91,94.5,0,0
466.0,Piyush Chawla,25,25,1312,1117,32,23 / 4,23 / 4,5.11,34.91,0,0
13483.0,KM Asif,0,0,0,0,0,0,0,0,0,0,0
9428.0,Shreyas Iyer,27,4,31,37,0,1 / 0,1 / 0,7.16,0.0,0,0
9781.0,Avesh Khan,0,0,0,0,0,0,0,0,0,0,0
11307.0,Tushar Deshpande,0,0,0,0,0,0,0,0,0,0,0
10484.0,Praveen Dubey,0,0,0,0,0,0,0,0,0,0,0
10484.0,Praveen Dubey,0,0,0,0,0,0,0,0,0,0,0
10484.0,Praveen Dubey,0,0,0,0,0,0,0,0,0,0,0
10484.0,Praveen Dubey,0,0,0,0,0,0,0,0,0,0,0
13252.0,Lalit Yadav,0,0,0,0,0,0,0,0,0,0,0
11427.0,Anrich Nortje,13,13,670,620,26,51 / 4,51 / 4,5.55,23.85,0,0
8175.0,Harshal Patel,0,0,0,0,0,0,0,0,0,0,0
11214.0,Keemo Paul,22,21,940,954,25,44 / 3,44 / 3,6.09,38.16,0,0
1447.0,Ajinkya Rahane,90,0,0,0,0,0,0,0,0,0,0
8181.0,Mohit Sharma,26,25,1121,1020,31,22 / 4,22 / 4,5.46,32.9,0,0
8989.0,Marcus Stoinis,49,45,1518,1541,34,16 / 3,16 / 3,6.09,45.32,0,0
6534.0,Jason Roy,105,0,0,0,0,0,0,0,0,0,0
6670.0,Chris Woakes,106,102,5016,4567,155,45 / 6,45 / 6,5.46,29.46,3,0
702.0,Ishant Sharma,80,78,3733,3562,115,34 / 4,34 / 4,5.73,30.97,0,0
1454.0,Amit Mishra,36,34,1917,1512,64,48 / 6,48 / 6,4.73,23.62,2,0
12094.0,Prithvi Shaw,6,0,0,0,0,0,0,0,0,0,0
13162.0,Daniel Sams,0,0,0,0,0,0,0,0,0,0,0
9585.0,Kagiso Rabada,85,83,4363,3655,132,16 / 6,16 / 6,5.03,27.69,2,0
8808.0,Axar Patel,38,35,1908,1409,45,34 / 3,34 / 3,4.43,31.31,0,0
10744.0,Rishabh Pant,27,0,0,0,0,0,0,0,0,0,0
11158.0,Sandeep Lamichhane,30,29,1602,1076,69,11 / 6,11 / 6,4.03,15.59,2,0
9789.0,Shimron Hetmyer,47,0,0,0,0,0,0,0,0,0,0
1446.0,Shikhar Dhawan,152,0,0,0,0,0,0,0,0,0,0
9200.0,Alex Carey,53,0,0,0,0,0,0,0,0,0,0
1593.0,Ravichandran Ashwin,113,111,6141,5058,151,25 / 4,25 / 4,4.94,33.5,0,0
8733.0,KL Rahul,42,0,0,0,0,0,0,0,0,0,0
13217.0,Arshdeep Singh,0,0,0,0,0,0,0,0,0,0,0
9395.0,Sheldon Cottrell,38,36,1722,1685,52,46 / 5,46 / 5,5.87,32.4,1,0
8925.0,Krishnappa Gowtham,1,1,48,49,1,49 / 1,49 / 1,6.12,49.0,0,0
9427.0,Deepak Hooda,2,1,24,24,1,24 / 1,24 / 1,6.0,24.0,0,0
9429.0,Sarfaraz khan,0,0,0,0,0,0,0,0,0,0,0
7662.0,Glenn Maxwell,121,96,3110,2909,56,46 / 4,46 / 4,5.61,51.95,0,0
12071.0,Mujeeb Ur Rahman,52,51,2793,1851,79,50 / 5,50 / 5,3.98,23.43,1,0
12779.0,Darshan Nalkande,0,0,0,0,0,0,0,0,0,0,0
9406.0,Nicholas Pooran,46,5,156,145,6,48 / 4,48 / 4,5.58,24.17,0,0
14254.0,Prabhsimran Singh,0,0,0,0,0,0,0,0,0,0,0
10357.0,Jagadeesha Suchith,0,0,0,0,0,0,0,0,0,0,0
9493.0,Hardus Viljoen,0,0,0,0,0,0,0,0,0,0,0
14659.0,Ravi Bishnoi,0,0,0,0,0,0,0,0,0,0,0
11404.0,Ishan Porel,0,0,0,0,0,0,0,0,0,0,0
8983.0,James Neesham,66,62,2115,2139,68,27 / 5,27 / 5,6.07,31.46,2,0
8257.0,Karun Nair,2,0,0,0,0,0,0,0,0,0,0
7909.0,Mohammed Shami,82,81,4188,3910,152,69 / 5,69 / 5,5.6,25.72,1,0
6319.0,Mandeep Singh,0,0,0,0,0,0,0,0,0,0,0
6532.0,Chris Jordan,34,34,1618,1611,45,29 / 5,29 / 5,5.97,35.8,1,0
14452.0,Harpreet Brar,0,0,0,0,0,0,0,0,0,0,0
247.0,Chris Gayle,301,199,7424,5926,167,46 / 5,46 / 5,4.79,35.49,1,0
8796.0,Murugan Ashwin,0,0,0,0,0,0,0,0,0,0,0
2195.0,Mayank Agarwal,5,1,6,10,0,10 / 0,10 / 0,10.0,0.0,0,0
624.0,Eoin Morgan,248,0,0,0,0,0,0,0,0,0,0
8095.0,Pat Cummins,73,73,3842,3337,119,70 / 5,70 / 5,5.21,28.04,1,0
10162.0,Chris Green,0,0,0,0,0,0,0,0,0,0,0
8292.0,Kuldeep Yadav,66,64,3528,3084,109,25 / 6,25 / 6,5.24,28.29,1,0
12092.0,Kamlesh Nagarkoti,0,0,0,0,0,0,0,0,0,0,0
2276.0,Sunil Narine,65,65,3540,2435,92,27 / 6,27 / 6,4.13,26.47,2,0
9204.0,Nitish Rana,1,1,18,10,0,10 / 0,10 / 0,3.33,0.0,0,0
8944.0,Sandeep Warrier,0,0,0,0,0,0,0,0,0,0,0
11808.0,Shubman Gill,3,0,0,0,0,0,0,0,0,0,0
10896.0,Rinku Singh,0,0,0,0,0,0,0,0,0,0,0
12926.0,Varun Chakravarthy,0,0,0,0,0,0,0,0,0,0,0
6496.0,Harry Gurney,10,10,455,432,11,55 / 4,55 / 4,5.7,39.27,0,0
9237.0,Pravin Tambe,0,0,0,0,0,0,0,0,0,0,0
11450.0,Ali Khan,7,7,325,240,14,20 / 5,20 / 5,4.43,17.14,1,0
9012.0,Rahul Tripathi,0,0,0,0,0,0,0,0,0,0,0
12345.0,Shivam Mavi,0,0,0,0,0,0,0,0,0,0,0
7736.0,Andre Russell,56,55,2290,2229,70,35 / 4,35 / 4,5.84,31.84,0,0
10551.0,Prasidh Krishna,10,10,505,428,20,12 / 4,12 / 4,5.09,21.4,0,0
9295.0,Nikhil Naik,0,0,0,0,0,0,0,0,0,0,0
9218.0,"
Siddhesh Lad",0,0,0,0,0,0,0,0,0,0,0
145.0,Dinesh Karthik,94,0,0,0,0,0,0,0,0,0,0
10692.0,Lockie Ferguson,39,39,2076,1883,71,45 / 5,45 / 5,5.44,26.52,1,0
12254.0,Tom Banton,6,0,0,0,0,0,0,0,0,0,0
576.0,Rohit Sharma,233,38,593,515,8,27 / 2,27 / 2,5.21,64.38,0,0
8117.0,"
Trent Boult",93,93,5117,4261,169,34 / 7,34 / 7,5.0,25.21,5,0
12087.0,Rahul Chahar,1,1,60,54,3,54 / 3,54 / 3,5.4,18.0,0,0
8520.0,Quinton de Kock,130,0,0,0,0,0,0,0,0,0,0
10276.0,Ishan Kishan,3,0,0,0,0,0,0,0,0,0,0
7752.0,Chris Lynn,4,0,0,0,0,0,0,0,0,0,0
3651.0,Mohsin Khan,75,2,12,5,1,2 / 1,2 / 1,2.5,5.0,0,0
9647.0,Hardik Pandya,66,61,2632,2438,63,24 / 4,24 / 4,5.56,38.7,0,0
657.0,Kieron Pollard,123,82,2275,2161,55,27 / 3,27 / 3,5.7,39.29,0,0
12344.0,Anukul Roy,0,0,0,0,0,0,0,0,0,0,0
6315.0,Aditya Tare,0,0,0,0,0,0,0,0,0,0,0
8182.0,Jayant Yadav,2,2,84,61,1,8 / 1,8 / 1,4.36,61.0,0,0
7915.0,Suryakumar Yadav,10,0,0,0,0,0,0,0,0,0,0
1601.0,Saurabh Tiwary,3,0,0,0,0,0,0,0,0,0,0
13748.0,Sherfane Rutherford,0,0,0,0,0,0,0,0,0,0,0
2283.0,James Pattinson,15,15,727,681,16,51 / 4,51 / 4,5.62,42.56,0,0
11311.0,Krunal Pandya,5,5,228,223,2,26 / 1,26 / 1,5.87,111.5,0,0
1451.0,Dhawal Kulkarni,12,12,598,508,19,34 / 4,34 / 4,5.1,26.74,0,0
9311.0,Jasprit Bumrah,72,72,3807,2941,121,19 / 6,19 / 6,4.64,24.31,2,0
10947.0,Anmolpreet Singh,0,0,0,0,0,0,0,0,0,0,0
2250.0,Steven Smith,130,40,1076,971,28,16 / 3,16 / 3,5.41,34.68,0,0
14696.0,Akash Singh,0,0,0,0,0,0,0,0,0,0,0
11540.0,Jofra Archer,17,17,911,720,30,27 / 3,27 / 3,4.74,24.0,0,0
9522.0,Tom Curran,28,28,1308,1290,34,35 / 5,35 / 5,5.92,37.94,1,0
13940.0,Yashasvi Jaiswal,0,0,0,0,0,0,0,0,0,0,0
13136.0,Kartik Tyagi,0,0,0,0,0,0,0,0,0,0,0
12627.0,Mayank Markande,0,0,0,0,0,0,0,0,0,0,0
12305.0,Riyan Parag,0,0,0,0,0,0,0,0,0,0,0
8271.0,Sanju Samson,1,0,0,0,0,0,0,0,0,0,0
6557.0,Ben Stokes,105,88,3110,3137,74,61 / 5,61 / 5,6.05,42.39,1,0
11442.0,Oshane Thomas,20,19,771,866,27,21 / 5,21 / 5,6.74,32.07,1,0
6327.0,"
Jaydev Unadkat",7,7,312,209,8,41 / 4,41 / 4,4.02,26.12,0,0
8358.0,Manan Vohra,0,0,0,0,0,0,0,0,0,0,0
527.0,Robin Uthappa,46,1,2,0,0,0 / 0,0 / 0,0.0,0.0,0,0
9617.0,Andrew Tye,7,7,387,392,12,46 / 5,46 / 5,6.08,32.67,1,0
9693.0,Rahul Tewatia,0,0,0,0,0,0,0,0,0,0,0
10919.0,Shashank Singh,0,0,0,0,0,0,0,0,0,0,0
8924.0,Ankit Rajpoot,0,0,0,0,0,0,0,0,0,0,0
6349.0,David Miller,144,0,0,0,0,0,0,0,0,0,0
10954.0,Mahipal Lomror,0,0,0,0,0,0,0,0,0,0,0
9746.0,Shreyas Gopal,0,0,0,0,0,0,0,0,0,0,0
2258.0,Jos Buttler,155,0,0,0,0,0,0,0,0,0,0
13135.0,Anuj Rawat,0,0,0,0,0,0,0,0,0,0,0
6293.0,Varun Aaron,9,9,380,419,11,24 / 3,24 / 3,6.62,38.09,0,0
1413.0,Virat Kohli,262,48,641,665,4,15 / 1,15 / 1,6.22,166.25,0,0
7910.0,Yuzvendra Chahal,64,63,3437,2971,111,42 / 6,42 / 6,5.19,26.77,2,0
1643.0,Aaron Finch,140,21,284,259,4,2 / 1,2 / 1,5.47,64.75,0,0
10808.0,Mohammed Siraj,5,5,270,235,7,29 / 3,29 / 3,5.22,33.57,0,0
8281.0,Pawan Negi,0,0,0,0,0,0,0,0,0,0,0
74.0,Parthiv Patel,38,0,0,0,0,0,0,0,0,0,0
9715.0,Navdeep Saini,8,8,420,481,6,58 / 2,58 / 2,6.87,80.17,0,0
508.0,Dale Steyn,125,124,6256,5088,196,39 / 6,39 / 6,4.88,25.96,3,0
10945.0,Washington Sundar,4,4,168,140,5,30 / 3,30 / 3,5.0,28.0,0,0
8642.0,Adam Zampa,67,67,3556,3274,103,38 / 4,38 / 4,5.52,31.79,0,0
1858.0,Umesh Yadav,75,73,3558,3565,106,31 / 4,31 / 4,6.01,33.63,0,0
1920.0,Isuru Udana,21,21,909,950,18,82 / 3,82 / 3,6.27,52.78,0,0
14606.0,Shahbaz Ahmed,0,0,0,0,0,0,0,0,0,0,0
13172.0,Josh Philippe,3,0,0,0,0,0,0,0,0,0,0
13088.0,Devdutt Padikkal,0,0,0,0,0,0,0,0,0,0,0
8333.0,Chris Morris,42,40,1894,1756,48,31 / 4,31 / 4,5.56,36.58,0,0
8298.0,Gurkeerat Singh Mann,3,3,60,68,0,17 / 0,17 / 0,6.8,0.0,0,0
11195.0,Shivam Dube,1,1,47,68,0,68 / 0,68 / 0,8.68,0.0,0,0
370.0,AB de Villiers,228,9,192,202,7,15 / 2,15 / 2,6.31,28.86,0,0
6692.0,Moeen Ali,119,110,5272,4630,92,46 / 4,46 / 4,5.27,50.33,0,0
1739.0,David Warner,133,1,6,8,0,8 / 0,8 / 0,8.0,0.0,0,0
12086.0,Abhishek Sharma,0,0,0,0,0,0,0,0,0,0,0
9785.0,Fabian Allen,20,18,666,627,7,40 / 2,40 / 2,5.65,89.57,0,0
10267.0,Basil Thampi,0,0,0,0,0,0,0,0,0,0,0
1807.0,Shreevats Goswami,0,0,0,0,0,0,0,0,0,0,0
1828.0,Siddarth Kaul,3,3,162,179,0,58 / 0,58 / 0,6.63,0.0,0,0
7906.0,Shahbaz Nadeem,0,0,0,0,0,0,0,0,0,0,0
1836.0,Manish Pandey,29,0,0,0,0,0,0,0,0,0,0
10738.0,Rashid Khan,83,79,4241,2947,158,18 / 7,18 / 7,4.17,18.65,4,0
11631.0,Sanjay Yadav,0,0,0,0,0,0,0,0,0,0,0
9572.0,Billy Stanlake,7,7,354,324,7,35 / 3,35 / 3,5.49,46.29,0,0
6326.0,Kane Williamson,151,65,1467,1310,37,22 / 4,22 / 4,5.36,35.41,0,0
10213.0,Virat Singh,0,0,0,0,0,0,0,0,0,0,0
8204.0,Vijay Shankar,12,9,233,210,4,15 / 2,15 / 2,5.41,52.5,0,0
8356.0,Sandeep Sharma,0,0,0,0,0,0,0,0,0,0,0
1465.0,Wriddhiman Saha,9,0,0,0,0,0,0,0,0,0,0
13113.0,Prithvi Raj,0,0,0,0,0,0,0,0,0,0,0
10225.0,T Natarajan,2,2,120,143,3,70 / 2,70 / 2,7.15,47.67,0,0
3007.0,Mohammad Nabi,133,129,6405,4545,142,30 / 4,30 / 4,4.26,32.01,0,0
8313.0,Jason Holder,127,123,5863,5412,146,27 / 5,27 / 5,5.54,37.07,2,0
12089.0,Priyam Garg,0,0,0,0,0,0,0,0,0,0,0
6507.0,Jonny Bairstow,93,0,0,0,0,0,0,0,0,0,0
10952.0,Khaleel Ahmed,11,11,480,465,15,13 / 3,13 / 3,5.81,31.0,0,0
14628.0,Abdul Samad,0,0,0,0,0,0,0,0,0,0,0
1448.0,Cheteshwar Pujara,5,0,0,0,0,0,0,0,0,0,0
9244.0,Lukman Hussain Meriwala,0,0,0,0,0,0,0,0,0,0,0
7990.0,Sam Billings,25,0,0,0,0,0,0,0,0,0,0
11893.0,Vishnu Vinod,0,0,0,0,0,0,0,0,0,0,0
9443.0,Tim Seifert,3,0,0,0,0,0,0,0,0,0,0
544.0,Shakib al Hasan,221,218,11351,8401,285,29 / 5,29 / 5,4.44,29.48,3,0
8846.0,Sheldon Jackson,0,0,0,0,0,0,0,0,0,0,0
15861.0,Vaibhav Arora,0,0,0,0,0,0,0,0,0,0,0
8118.0,Ben Cutting,4,4,216,158,5,45 / 3,45 / 3,4.39,31.6,0,0
10917.0,Venkatesh Iyer,2,1,30,28,0,28 / 0,28 / 0,5.6,0.0,0,0
7625.0,Adam Milne,40,39,1801,1581,41,49 / 3,49 / 3,5.27,38.56,0,0
14565.0,Marco Jansen,2,2,114,106,2,57 / 2,57 / 2,5.58,53.0,0,0
6660.0,Dawid Malan,9,1,4,5,1,5 / 1,5 / 1,0.0,5.0,0,0
10280.0,Jhye Richardson,15,15,810,793,27,26 / 4,26 / 4,5.87,29.37,0,0
10226.0,Shahrukh Khan,0,0,0,0,0,0,0,0,0,0,0
12226.0,Riley Meredith,1,1,30,36,0,36 / 0,36 / 0,7.2,0.0,0,0
1437.0,Moises Henriques,16,12,402,347,8,32 / 3,32 / 3,5.18,43.38,0,0
8107.0,Jalaj Saxena,0,0,0,0,0,0,0,0,0,0,0
15480.0,Nathan Ellis,3,3,138,140,3,36 / 1,36 / 1,6.09,46.67,0,0
9863.0,Mustafizur Rahim,77,76,3732,3168,134,43 / 6,43 / 6,5.09,23.64,5,0
9863.0,Mustafizur Rahim,77,76,3732,3168,134,43 / 6,43 / 6,5.09,23.64,5,0
9863.0,Mustafizur Rahman,77,76,3732,3168,134,43 / 6,43 / 6,5.09,23.64,5,0
9863.0,Mustafizur Rahman,77,76,3732,3168,134,43 / 6,43 / 6,5.09,23.64,5,0
13494.0,Chetan Sakariya,1,1,48,34,2,34 / 2,34 / 2,4.25,17.0,0,0
10045.0,Liam Livingstone,10,6,144,136,6,30 / 2,30 / 2,5.67,22.67,0,0
13537.0,Kuldip Yadav,0,0,0,0,0,0,0,0,0,0,0
10693.0,Glenn Phillips,3,3,54,49,2,9 / 1,9 / 1,5.44,24.5,0,0
8709.0,Sachin Baby,0,0,0,0,0,0,0,0,0,0,0
10636.0,Rajat Patidar,0,0,0,0,0,0,0,0,0,0,0
9441.0,Kyle Jamieson,8,8,412,296,11,45 / 3,45 / 3,4.31,26.91,0,0
12669.0,Suyesh Prabhudessai,0,0,0,0,0,0,0,0,0,0,0
12669.0,Suyesh Prabhudessai,0,0,0,0,0,0,0,0,0,0,0
12669.0,Suyash Prabhudessai,0,0,0,0,0,0,0,0,0,0,0
12669.0,Suyash Prabhudessai,0,0,0,0,0,0,0,0,0,0,0
13169.0,Tim David,0,0,0,0,0,0,0,0,0,0,0
8393.0,Dushmantha Chameera,42,41,1747,1577,44,16 / 5,16 / 5,5.42,35.84,1,0
10926.0,Wanindu Hasaranga,31,30,1423,1209,34,58 / 4,58 / 4,5.1,35.56,0,0
1726.0,Bhuvneshwar Kumar,121,120,5847,4951,141,42 / 5,42 / 5,5.08,35.11,1,0
13866.0,Sai Sudharshan,0,0,0,0,0,0,0,0,0,0,0
13213.0,Rahmanullah Gurbaz,12,0,0,0,0,0,0,0,0,0,0
1649.0,Matthew Wade,97,0,0,0,0,0,0,0,0,0,0
14172.0,Yash Dayal,0,0,0,0,0,0,0,0,0,0,0
1472.0,Pradeep Sangwan,0,0,0,0,0,0,0,0,0,0,0
11220.0,Alzarri Joseph,49,48,2486,2157,78,56 / 5,56 / 5,5.21,27.65,1,0
15452.0,Noor Ahmad,0,0,0,0,0,0,0,0,0,0,0
13750.0,Dominic Drakes,0,0,0,0,0,0,0,0,0,0,0
9838.0,Devon Conway,3,0,0,0,0,0,0,0,0,0,0
18504.0,Maheesh Theekshana,9,9,492,334,10,37 / 4,37 / 4,4.07,33.4,0,0
16458.0,Matheesha Pathirana,0,0,0,0,0,0,0,0,0,0,0
13184.0,Mukesh Choudhary,0,0,0,0,0,0,0,0,0,0,0
12805.0,Prashant Solanki,0,0,0,0,0,0,0,0,0,0,0
8651.0,Dwaine Pretorius,25,25,1108,911,31,5 / 3,5 / 3,4.93,29.39,0,0
11445.0,Rovman Powell,43,15,280,275,3,7 / 1,7 / 1,5.89,91.67,0,0
6250.0,Mitchell Marsh	,66,61,2033,1861,52,33 / 5,33 / 5,5.49,35.79,1,0
12813.0,Abhijeet Tomar,0,0,0,0,0,0,0,0,0,0,0
9624.0,Baba Indrajith,0,0,0,0,0,0,0,0,0,0,0
1057.0,Tim Southee,143,141,7195,6557,190,33 / 7,33 / 7,5.47,34.51,3,0
9500.0,Chamika Karunaratne,18,16,498,460,16,47 / 3,47 / 3,5.54,28.75,0,0
8579.0,Evin Lewis,57,0,0,0,0,0,0,0,0,0,0
8440.0,Kyle Mayers,11,7,246,229,4,50 / 2,50 / 2,5.59,57.25,0,0
18738.0,Karan Sharma,0,0,0,0,0,0,0,0,0,0,0
13907.0,Ayush Badoni,0,0,0,0,0,0,0,0,0,0,0
14504.0,Tilak Varma,0,0,0,0,0,0,0,0,0,0,0
12337.0,Ramandeep Singh,0,0,0,0,0,0,0,0,0,0,0
20538.0,Dewald Brevis,0,0,0,0,0,0,0,0,0,0,0
14190.0,Kumar Kartikeya Singh,0,0,0,0,0,0,0,0,0,0,0
7860.0,Tymal Mills,0,0,0,0,0,0,0,0,0,0,0
14595.0,Hrithik Shokeen,0,0,0,0,0,0,0,0,0,0,0
11054.0,Prerak Mankad,0,0,0,0,0,0,0,0,0,0,0
7869.0,Bhanuka Rajapaksa,5,0,0,0,0,0,0,0,0,0,0
10214.0,Jitesh Sharma,0,0,0,0,0,0,0,0,0,0,0
11215.0,Odean Smith,5,5,145,122,6,26 / 2,26 / 2,5.05,20.33,0,0
22601.0,Raj Bawa	,0,0,0,0,0,0,0,0,0,0,0
8616.0,Rishi Dhawan,3,3,150,160,1,74 / 1,74 / 1,6.4,160.0,0,0
9554.0,Rassie van der Dussen,36,1,6,3,1,3 / 1,3 / 1,3.0,3.0,0,0
14336.0,Kuldeep Sen,0,0,0,0,0,0,0,0,0,0,0
11221.0,Obed McCoy,2,2,84,109,4,38 / 2,38 / 2,7.79,27.25,0,0
12639.0,Tejas Baroka,0,0,0,0,0,0,0,0,0,0,0
10353.0,KC Cariappa,0,0,0,0,0,0,0,0,0,0,0
10713.0,Daryl Mitchell,3,2,30,33,0,8 / 0,8 / 0,6.6,0.0,0,0
11172.0,Finn Allen ,3,0,0,0,0,0,0,0,0,0,0
14726.0,Akash Deep,0,0,0,0,0,0,0,0,0,0,0
6592.0,David Willey,58,57,2577,2398,78,30 / 5,30 / 5,5.58,30.74,1,0
9582.0,Aiden Markram,39,14,426,380,11,18 / 2,18 / 2,5.35,34.55,0,0
19027.0,Umran Malik,0,0,0,0,0,0,0,0,0,0,0
13646.0,Romario Shepherd,16,15,571,489,9,50 / 3,50 / 3,5.14,54.33,0,0
8136.0,Sean Abbott,5,5,204,234,3,25 / 1,25 / 1,6.88,78.0,0,0
