playerId,Player name,Mat,Inn_bat,Runs_bat,Avg_bat,SR,HS,NO,100s,50s,4s,6s,Inn_bowl,Balls,Runs_bowl,Wkt,BBI,BBM,Eco,Avg_bowl,5W,10W
265,MS Dhoni,350,297,10773,50.58,87.56,183,84,10,73,826,229,2,36,31,1,14 / 1,14 / 1,5.17,31.0,0,0
7836,Deepak Chahar,7,5,179,59.67,101.7,69,2,0,2,17,5,7,312,313,10,37 / 2,37 / 2,6.02,31.3,0,0
10420,Sam Curran,14,8,159,26.5,87.36,95,2,0,1,14,4,14,592,578,15,48 / 5,48 / 5,5.86,38.53,1,0
11813,Ruturaj Gaikwad,0,0,0,0.0,0.0,0,0,0,0,0,0,0,0,0,0,0,0,0.0,0.0,0,0
6667,Imran Tahir,107,36,157,7.85,69.78,29,16,0,0,21,1,104,5541,4297,173,45 / 7,45 / 7,4.65,24.84,3,0
1851,Kedar Jadhav,73,52,1389,42.09,101.61,120,19,2,6,141,24,42,1187,1020,27,23 / 3,23 / 3,5.16,37.78,0,0
9783,Monu Kumar,0,0,0,0.0,0.0,0,0,0,0,0,0,0,0,0,0,0,0,0.0,0.0,0,0
6311,Ambati Rayudu,55,50,1694,47.06,79.05,124,14,3,10,145,30,9,121,124,3,5 / 1,5 / 1,6.15,41.33,0,0
10100,Mitchell Santner,77,59,947,27.06,88.67,67,24,0,2,67,27,72,3505,2845,80,50 / 5,50 / 5,4.87,35.56,1,0
8683,Shardul Thakur,19,11,205,34.17,120.59,50,5,0,1,18,8,19,909,1004,25,52 / 4,52 / 4,6.63,40.16,0,0
158,Shane Watson,190,169,5757,40.54,90.45,185,27,9,33,570,131,163,6466,5342,168,36 / 4,36 / 4,4.96,31.8,0,0
75,Harbhajan Singh,236,128,1237,13.3,81.06,49,35,0,0,92,35,227,12479,8973,269,31 / 5,31 / 5,4.31,33.36,3,0
413,Suresh Raina,226,194,5615,35.31,93.51,116,35,5,36,476,120,101,2126,1811,36,34 / 3,34 / 3,5.11,50.31,0,0
242,Dwayne Bravo,164,141,2968,25.37,82.31,112,24,2,10,240,58,150,6511,5874,199,43 / 6,43 / 6,5.41,29.52,1,0
1597,Murali Vijay,17,16,339,21.19,67.0,72,0,0,1,33,3,2,36,37,1,19 / 1,19 / 1,6.17,37.0,0,0
1844,Karn Sharma,2,0,0,0.0,0.0,0,0,0,0,0,0,2,114,125,0,61 / 0,61 / 0,6.58,0.0,0,0
11595,Ravisrinivasan Sai Kishore,0,0,0,0.0,0.0,0,0,0,0,0,0,0,0,0,0,0,0,0.0,0.0,0,0
11595,Ravisrinivasan Sai Kishore,0,0,0,0.0,0.0,0,0,0,0,0,0,0,0,0,0,0,0,0.0,0.0,0,0
11595,Ravisrinivasan Sai Kishore,0,0,0,0.0,0.0,0,0,0,0,0,0,0,0,0,0,0,0,0.0,0.0,0,0
11595,Ravisrinivasan Sai Kishore,0,0,0,0.0,0.0,0,0,0,0,0,0,0,0,0,0,0,0,0.0,0.0,0,0
11595,Ravisrinivasan Sai Kishore,0,0,0,0.0,0.0,0,0,0,0,0,0,0,0,0,0,0,0,0.0,0.0,0,0
11595,Ravisrinivasan Sai Kishore,0,0,0,0.0,0.0,0,0,0,0,0,0,0,0,0,0,0,0,0.0,0.0,0,0
11595,Ravisrinivasan Sai Kishore,0,0,0,0.0,0.0,0,0,0,0,0,0,0,0,0,0,0,0,0.0,0.0,0,0
11595,Ravisrinivasan Sai Kishore,0,0,0,0.0,0.0,0,0,0,0,0,0,0,0,0,0,0,0,0.0,0.0,0,0
11595,R Sai Kishore,0,0,0,0.0,0.0,0,0,0,0,0,0,0,0,0,0,0,0,0.0,0.0,0,0
11595,R Sai Kishore,0,0,0,0.0,0.0,0,0,0,0,0,0,0,0,0,0,0,0,0.0,0.0,0,0
11595,R Sai Kishore,0,0,0,0.0,0.0,0,0,0,0,0,0,0,0,0,0,0,0,0.0,0.0,0,0
11595,R Sai Kishore,0,0,0,0.0,0.0,0,0,0,0,0,0,0,0,0,0,0,0,0.0,0.0,0,0
11595,R Sai Kishore,0,0,0,0.0,0.0,0,0,0,0,0,0,0,0,0,0,0,0,0.0,0.0,0,0
11595,R Sai Kishore,0,0,0,0.0,0.0,0,0,0,0,0,0,0,0,0,0,0,0,0.0,0.0,0,0
11595,R Sai Kishore,0,0,0,0.0,0.0,0,0,0,0,0,0,0,0,0,0,0,0,0.0,0.0,0,0
11595,R Sai Kishore,0,0,0,0.0,0.0,0,0,0,0,0,0,0,0,0,0,0,0,0.0,0.0,0,0
9603,Lungi Ngidi,36,12,62,15.5,68.89,19,8,0,0,4,4,36,1764,1643,62,58 / 6,58 / 6,5.59,26.5,1,0
11675,Narayan Jagadeesan,0,0,0,0.0,0.0,0,0,0,0,0,0,0,0,0,0,0,0,0.0,0.0,0,0
587,Ravindra Jadeja,171,115,2447,32.63,86.53,87,40,0,13,179,50,166,8611,7062,189,36 / 5,36 / 5,4.92,37.37,1,0
6258,Josh Hazlewood,61,21,58,19.33,67.44,11,18,0,0,7,0,60,3230,2537,97,52 / 6,52 / 6,4.71,26.15,3,0
7825,Faf du Plessis,143,136,5507,46.67,88.57,185,18,12,35,495,66,11,192,189,2,8 / 1,8 / 1,5.91,94.5,0,0
466,Piyush Chawla,25,12,38,5.43,65.52,13,5,0,0,3,0,25,1312,1117,32,23 / 4,23 / 4,5.11,34.91,0,0
13483,KM Asif,0,0,0,0.0,0.0,0,0,0,0,0,0,0,0,0,0,0,0,0.0,0.0,0,0
9428,Shreyas Iyer,27,24,947,41.17,96.04,103,1,1,9,93,17,4,31,37,0,1 / 0,1 / 0,7.16,0.0,0,0
9781,Avesh Khan,0,0,0,0.0,0.0,0,0,0,0,0,0,0,0,0,0,0,0,0.0,0.0,0,0
11307,Tushar Deshpande,0,0,0,0.0,0.0,0,0,0,0,0,0,0,0,0,0,0,0,0.0,0.0,0,0
10484,Praveen Dubey,0,0,0,0.0,0.0,0,0,0,0,0,0,0,0,0,0,0,0,0.0,0.0,0,0
10484,Praveen Dubey,0,0,0,0.0,0.0,0,0,0,0,0,0,0,0,0,0,0,0,0.0,0.0,0,0
10484,Praveen Dubey,0,0,0,0.0,0.0,0,0,0,0,0,0,0,0,0,0,0,0,0.0,0.0,0,0
10484,Praveen Dubey,0,0,0,0.0,0.0,0,0,0,0,0,0,0,0,0,0,0,0,0.0,0.0,0,0
10484,Praveen Dubey,0,0,0,0.0,0.0,0,0,0,0,0,0,0,0,0,0,0,0,0.0,0.0,0,0
10484,Praveen Dubey,0,0,0,0.0,0.0,0,0,0,0,0,0,0,0,0,0,0,0,0.0,0.0,0,0
10484,Praveen Dubey,0,0,0,0.0,0.0,0,0,0,0,0,0,0,0,0,0,0,0,0.0,0.0,0,0
10484,Praveen Dubey,0,0,0,0.0,0.0,0,0,0,0,0,0,0,0,0,0,0,0,0.0,0.0,0,0
10484,Praveen Dubey,0,0,0,0.0,0.0,0,0,0,0,0,0,0,0,0,0,0,0,0.0,0.0,0,0
10484,Praveen Dubey,0,0,0,0.0,0.0,0,0,0,0,0,0,0,0,0,0,0,0,0.0,0.0,0,0
10484,Praveen Dubey,0,0,0,0.0,0.0,0,0,0,0,0,0,0,0,0,0,0,0,0.0,0.0,0,0
10484,Praveen Dubey,0,0,0,0.0,0.0,0,0,0,0,0,0,0,0,0,0,0,0,0.0,0.0,0,0
10484,Praveen Dubey,0,0,0,0.0,0.0,0,0,0,0,0,0,0,0,0,0,0,0,0.0,0.0,0,0
10484,Praveen Dubey,0,0,0,0.0,0.0,0,0,0,0,0,0,0,0,0,0,0,0,0.0,0.0,0,0
10484,Praveen Dubey,0,0,0,0.0,0.0,0,0,0,0,0,0,0,0,0,0,0,0,0.0,0.0,0,0
10484,Praveen Dubey,0,0,0,0.0,0.0,0,0,0,0,0,0,0,0,0,0,0,0,0.0,0.0,0,0
13252,Lalit Yadav,0,0,0,0.0,0.0,0,0,0,0,0,0,0,0,0,0,0,0,0.0,0.0,0,0
11427,Anrich Nortje,13,3,19,9.5,70.37,10,1,0,0,1,0,13,670,620,26,51 / 4,51 / 4,5.55,23.85,0,0
8175,Harshal Patel,0,0,0,0.0,0.0,0,0,0,0,0,0,0,0,0,0,0,0,0.0,0.0,0,0
11214,Keemo Paul,22,16,266,24.18,93.99,46,5,0,0,22,10,21,940,954,25,44 / 3,44 / 3,6.09,38.16,0,0
1447,Ajinkya Rahane,90,87,2962,35.26,78.63,111,3,3,24,293,33,0,0,0,0,0,0,0.0,0.0,0,0
8181,Mohit Sharma,26,9,31,7.75,46.97,11,5,0,0,5,0,25,1121,1020,31,22 / 4,22 / 4,5.46,32.9,0,0
8989,Marcus Stoinis,49,46,1244,31.9,93.96,146,7,1,6,107,42,45,1518,1541,34,16 / 3,16 / 3,6.09,45.32,0,0
6534,Jason Roy,105,100,3940,40.62,106.66,180,3,10,21,468,76,0,0,0,0,0,0,0.0,0.0,0,0
6670,Chris Woakes,106,72,1315,25.78,90.88,95,21,0,5,97,19,102,5016,4567,155,45 / 6,45 / 6,5.46,29.46,3,0
702,Ishant Sharma,80,28,72,4.8,35.47,13,13,0,0,6,0,78,3733,3562,115,34 / 4,34 / 4,5.73,30.97,0,0
1454,Amit Mishra,36,11,43,5.38,52.44,14,3,0,0,4,0,34,1917,1512,64,48 / 6,48 / 6,4.73,23.62,2,0
12094,Prithvi Shaw,6,6,189,31.5,113.86,49,0,0,0,32,2,0,0,0,0,0,0,0.0,0.0,0,0
13162,Daniel Sams,0,0,0,0.0,0.0,0,0,0,0,0,0,0,0,0,0,0,0,0.0,0.0,0,0
9585,Kagiso Rabada,85,35,315,15.75,82.68,31,15,0,0,26,7,83,4363,3655,132,16 / 6,16 / 6,5.03,27.69,2,0
8808,Axar Patel,38,20,181,12.93,95.26,38,6,0,0,8,8,35,1908,1409,45,34 / 3,34 / 3,4.43,31.31,0,0
10744,Rishabh Pant,27,24,840,36.52,108.81,125,1,1,5,86,26,0,0,0,0,0,0,0.0,0.0,0,0
11158,Sandeep Lamichhane,30,21,170,10.62,91.4,28,5,0,0,14,4,29,1602,1076,69,11 / 6,11 / 6,4.03,15.59,2,0
9789,Shimron Hetmyer,47,44,1447,35.29,106.4,139,3,5,4,111,52,0,0,0,0,0,0,0.0,0.0,0,0
1446,Shikhar Dhawan,152,149,6325,45.18,92.84,143,9,17,35,788,74,0,0,0,0,0,0,0.0,0.0,0,0
9200,Alex Carey,53,48,1417,35.42,88.84,106,8,1,6,132,12,0,0,0,0,0,0,0.0,0.0,0,0
1593,Ravichandran Ashwin,113,63,707,16.44,86.96,65,20,0,1,60,7,111,6141,5058,151,25 / 4,25 / 4,4.94,33.5,0,0
8733,KL Rahul,42,41,1634,46.69,88.61,112,6,5,10,124,38,0,0,0,0,0,0,0.0,0.0,0,0
13217,Arshdeep Singh,0,0,0,0.0,0.0,0,0,0,0,0,0,0,0,0,0,0,0,0.0,0.0,0,0
9395,Sheldon Cottrell,38,19,88,11.0,67.69,17,11,0,0,6,4,36,1722,1685,52,46 / 5,46 / 5,5.87,32.4,1,0
8925,Krishnappa Gowtham,1,1,2,2.0,66.67,2,0,0,0,0,0,1,48,49,1,49 / 1,49 / 1,6.12,49.0,0,0
9427,Deepak Hooda,2,2,55,55.0,96.49,29,1,0,0,4,0,1,24,24,1,24 / 1,24 / 1,6.0,24.0,0,0
9429,Sarfaraz khan,0,0,0,0.0,0.0,0,0,0,0,0,0,0,0,0,0,0,0,0.0,0.0,0,0
7662,Glenn Maxwell,121,111,3390,34.59,126.07,108,13,2,23,325,123,96,3110,2909,56,46 / 4,46 / 4,5.61,51.95,0,0
12071,Mujeeb Ur Rahman,52,25,96,7.38,76.8,18,12,0,0,10,2,51,2793,1851,79,50 / 5,50 / 5,3.98,23.43,1,0
12779,Darshan Nalkande,0,0,0,0.0,0.0,0,0,0,0,0,0,0,0,0,0,0,0,0.0,0.0,0,0
9406,Nicholas Pooran,46,43,1293,34.95,93.97,118,6,1,9,110,43,5,156,145,6,48 / 4,48 / 4,5.58,24.17,0,0
14254,Prabhsimran Singh,0,0,0,0.0,0.0,0,0,0,0,0,0,0,0,0,0,0,0,0.0,0.0,0,0
10357,Jagadeesha Suchith,0,0,0,0.0,0.0,0,0,0,0,0,0,0,0,0,0,0,0,0.0,0.0,0,0
9493,Hardus Viljoen,0,0,0,0.0,0.0,0,0,0,0,0,0,0,0,0,0,0,0,0.0,0.0,0,0
14659,Ravi Bishnoi,0,0,0,0.0,0.0,0,0,0,0,0,0,0,0,0,0,0,0,0.0,0.0,0,0
11404,Ishan Porel,0,0,0,0.0,0.0,0,0,0,0,0,0,0,0,0,0,0,0,0.0,0.0,0,0
8983,James Neesham,66,56,1320,28.7,97.63,97,10,0,6,117,30,62,2115,2139,68,27 / 5,27 / 5,6.07,31.46,2,0
8257,Karun Nair,2,2,46,23.0,52.27,39,0,0,0,6,0,0,0,0,0,0,0,0.0,0.0,0,0
7909,Mohammed Shami,82,39,184,8.36,82.88,25,17,0,0,14,8,81,4188,3910,152,69 / 5,69 / 5,5.6,25.72,1,0
6319,Mandeep Singh,0,0,0,0.0,0.0,0,0,0,0,0,0,0,0,0,0,0,0,0.0,0.0,0,0
6532,Chris Jordan,34,23,170,12.14,88.08,38,9,0,0,12,5,34,1618,1611,45,29 / 5,29 / 5,5.97,35.8,1,0
14452,Harpreet Brar,0,0,0,0.0,0.0,0,0,0,0,0,0,0,0,0,0,0,0,0.0,0.0,0,0
247,Chris Gayle,301,294,10480,37.7,87.2,215,16,25,54,1128,331,199,7424,5926,167,46 / 5,46 / 5,4.79,35.49,1,0
8796,Murugan Ashwin,0,0,0,0.0,0.0,0,0,0,0,0,0,0,0,0,0,0,0,0.0,0.0,0,0
2195,Mayank Agarwal,5,5,86,17.2,103.61,32,0,0,0,12,1,1,6,10,0,10 / 0,10 / 0,10.0,0.0,0,0
624,Eoin Morgan,248,230,7701,39.09,91.17,148,33,14,47,654,220,0,0,0,0,0,0,0.0,0.0,0,0
8095,Pat Cummins,73,47,324,10.12,73.97,36,15,0,0,23,5,73,3842,3337,119,70 / 5,70 / 5,5.21,28.04,1,0
10162,Chris Green,0,0,0,0.0,0.0,0,0,0,0,0,0,0,0,0,0,0,0,0.0,0.0,0,0
8292,Kuldeep Yadav,66,22,123,12.3,62.76,19,12,0,0,10,0,64,3528,3084,109,25 / 6,25 / 6,5.24,28.29,1,0
12092,Kamlesh Nagarkoti,0,0,0,0.0,0.0,0,0,0,0,0,0,0,0,0,0,0,0,0.0,0.0,0,0
2276,Sunil Narine,65,45,363,11.0,82.5,36,12,0,0,36,12,65,3540,2435,92,27 / 6,27 / 6,4.13,26.47,2,0
9204,Nitish Rana,1,1,7,7.0,50.0,7,0,0,0,0,0,1,18,10,0,10 / 0,10 / 0,3.33,0.0,0,0
8944,Sandeep Warrier,0,0,0,0.0,0.0,0,0,0,0,0,0,0,0,0,0,0,0,0.0,0.0,0,0
11808,Shubman Gill,3,3,49,16.33,69.01,33,0,0,0,5,1,0,0,0,0,0,0,0.0,0.0,0,0
10896,Rinku Singh,0,0,0,0.0,0.0,0,0,0,0,0,0,0,0,0,0,0,0,0.0,0.0,0,0
12926,Varun Chakravarthy,0,0,0,0.0,0.0,0,0,0,0,0,0,0,0,0,0,0,0,0.0,0.0,0,0
6496,Harry Gurney,10,6,15,7.5,45.45,6,4,0,0,1,0,10,455,432,11,55 / 4,55 / 4,5.7,39.27,0,0
9237,Pravin Tambe,0,0,0,0.0,0.0,0,0,0,0,0,0,0,0,0,0,0,0,0.0,0.0,0,0
11450,Ali Khan,7,4,4,1.0,21.05,3,0,0,0,0,0,7,325,240,14,20 / 5,20 / 5,4.43,17.14,1,0
9012,Rahul Tripathi,0,0,0,0.0,0.0,0,0,0,0,0,0,0,0,0,0,0,0,0.0,0.0,0,0
12345,Shivam Mavi,0,0,0,0.0,0.0,0,0,0,0,0,0,0,0,0,0,0,0,0.0,0.0,0,0
7736,Andre Russell,56,47,1034,27.21,130.23,92,9,0,4,94,57,55,2290,2229,70,35 / 4,35 / 4,5.84,31.84,0,0
10551,Prasidh Krishna,10,5,2,1.0,16.67,2,3,0,0,0,0,10,505,428,20,12 / 4,12 / 4,5.09,21.4,0,0
9295,Nikhil Naik,0,0,0,0.0,0.0,0,0,0,0,0,0,0,0,0,0,0,0,0.0,0.0,0,0
9218,"
Siddhesh Lad",0,0,0,0.0,0.0,0,0,0,0,0,0,0,0,0,0,0,0,0.0,0.0,0,0
145,Dinesh Karthik,94,79,1752,30.21,73.24,79,21,0,9,176,15,0,0,0,0,0,0,0.0,0.0,0,0
10692,Lockie Ferguson,39,17,71,7.1,48.97,19,7,0,0,4,1,39,2076,1883,71,45 / 5,45 / 5,5.44,26.52,1,0
12254,Tom Banton,6,5,134,26.8,92.41,58,0,0,1,17,2,0,0,0,0,0,0,0.0,0.0,0,0
576,Rohit Sharma,233,226,9376,48.58,89.18,264,33,29,45,855,250,38,593,515,8,27 / 2,27 / 2,5.21,64.38,0,0
8117,"
Trent Boult",93,40,159,9.35,74.65,21,23,0,0,15,6,93,5117,4261,169,34 / 7,34 / 7,5.0,25.21,5,0
12087,Rahul Chahar,1,1,13,13.0,52.0,13,0,0,0,0,0,1,60,54,3,54 / 3,54 / 3,5.4,18.0,0,0
8520,Quinton de Kock,130,130,5677,45.78,95.94,178,6,17,28,649,88,0,0,0,0,0,0,0.0,0.0,0,0
10276,Ishan Kishan,3,3,88,29.33,107.32,59,0,0,1,10,3,0,0,0,0,0,0,0.0,0.0,0,0
7752,Chris Lynn,4,4,75,18.75,84.27,44,0,0,0,5,3,0,0,0,0,0,0,0.0,0.0,0,0
3651,Mohsin Khan,75,75,1877,26.81,55.65,117,5,2,8,151,7,2,12,5,1,2 / 1,2 / 1,2.5,5.0,0,0
9647,Hardik Pandya,66,48,1386,33.8,115.6,92,7,0,8,105,54,61,2632,2438,63,24 / 4,24 / 4,5.56,38.7,0,0
657,Kieron Pollard,123,113,2706,26.02,94.42,119,9,3,13,171,135,82,2275,2161,55,27 / 3,27 / 3,5.7,39.29,0,0
12344,Anukul Roy,0,0,0,0.0,0.0,0,0,0,0,0,0,0,0,0,0,0,0,0.0,0.0,0,0
6315,Aditya Tare,0,0,0,0.0,0.0,0,0,0,0,0,0,0,0,0,0,0,0,0.0,0.0,0,0
8182,Jayant Yadav,2,2,3,3.0,42.86,2,1,0,0,0,0,2,84,61,1,8 / 1,8 / 1,4.36,61.0,0,0
7915,Suryakumar Yadav,10,9,310,44.29,98.1,64,2,0,2,35,2,0,0,0,0,0,0,0.0,0.0,0,0
1601,Saurabh Tiwary,3,2,49,0.0,87.5,37,2,0,0,5,1,0,0,0,0,0,0,0.0,0.0,0,0
13748,Sherfane Rutherford,0,0,0,0.0,0.0,0,0,0,0,0,0,0,0,0,0,0,0,0.0,0.0,0,0
2283,James Pattinson,15,8,42,10.5,52.5,13,4,0,0,2,0,15,727,681,16,51 / 4,51 / 4,5.62,42.56,0,0
11311,Krunal Pandya,5,4,130,65.0,101.56,58,2,0,1,11,2,5,228,223,2,26 / 1,26 / 1,5.87,111.5,0,0
1451,Dhawal Kulkarni,12,2,27,0.0,96.43,25,2,0,0,2,1,12,598,508,19,34 / 4,34 / 4,5.1,26.74,0,0
9311,Jasprit Bumrah,72,20,47,6.71,50.54,14,13,0,0,5,1,72,3807,2941,121,19 / 6,19 / 6,4.64,24.31,2,0
10947,Anmolpreet Singh,0,0,0,0.0,0.0,0,0,0,0,0,0,0,0,0,0,0,0,0.0,0.0,0,0
2250,Steven Smith,130,115,4459,43.29,88.44,164,12,11,26,385,42,40,1076,971,28,16 / 3,16 / 3,5.41,34.68,0,0
14696,Akash Singh,0,0,0,0.0,0.0,0,0,0,0,0,0,0,0,0,0,0,0,0.0,0.0,0,0
11540,Jofra Archer,17,9,27,6.75,79.41,8,5,0,0,2,0,17,911,720,30,27 / 3,27 / 3,4.74,24.0,0,0
9522,Tom Curran,28,17,303,37.88,94.39,47,9,0,0,29,5,28,1308,1290,34,35 / 5,35 / 5,5.92,37.94,1,0
13940,Yashasvi Jaiswal,0,0,0,0.0,0.0,0,0,0,0,0,0,0,0,0,0,0,0,0.0,0.0,0,0
13136,Kartik Tyagi,0,0,0,0.0,0.0,0,0,0,0,0,0,0,0,0,0,0,0,0.0,0.0,0,0
12627,Mayank Markande,0,0,0,0.0,0.0,0,0,0,0,0,0,0,0,0,0,0,0,0.0,0.0,0,0
12305,Riyan Parag,0,0,0,0.0,0.0,0,0,0,0,0,0,0,0,0,0,0,0,0.0,0.0,0,0
8271,Sanju Samson,1,1,46,46.0,100.0,46,0,0,0,5,1,0,0,0,0,0,0,0.0,0.0,0,0
6557,Ben Stokes,105,90,2924,38.99,95.09,102,15,3,21,238,88,88,3110,3137,74,61 / 5,61 / 5,6.05,42.39,1,0
11442,Oshane Thomas,20,10,13,2.6,24.53,6,5,0,0,1,0,19,771,866,27,21 / 5,21 / 5,6.74,32.07,1,0
6327,"
Jaydev Unadkat",7,0,0,0.0,0.0,0,0,0,0,0,0,7,312,209,8,41 / 4,41 / 4,4.02,26.12,0,0
8358,Manan Vohra,0,0,0,0.0,0.0,0,0,0,0,0,0,0,0,0,0,0,0,0.0,0.0,0,0
527,Robin Uthappa,46,42,934,25.94,90.59,86,6,0,6,107,19,1,2,0,0,0 / 0,0 / 0,0.0,0.0,0,0
9617,Andrew Tye,7,7,57,14.25,118.75,19,3,0,0,5,2,7,387,392,12,46 / 5,46 / 5,6.08,32.67,1,0
9693,Rahul Tewatia,0,0,0,0.0,0.0,0,0,0,0,0,0,0,0,0,0,0,0,0.0,0.0,0,0
10919,Shashank Singh,0,0,0,0.0,0.0,0,0,0,0,0,0,0,0,0,0,0,0,0.0,0.0,0,0
8924,Ankit Rajpoot,0,0,0,0.0,0.0,0,0,0,0,0,0,0,0,0,0,0,0,0.0,0.0,0,0
6349,David Miller,144,123,3527,41.01,101.32,139,37,5,17,264,96,0,0,0,0,0,0,0.0,0.0,0,0
10954,Mahipal Lomror,0,0,0,0.0,0.0,0,0,0,0,0,0,0,0,0,0,0,0,0.0,0.0,0,0
9746,Shreyas Gopal,0,0,0,0.0,0.0,0,0,0,0,0,0,0,0,0,0,0,0,0.0,0.0,0,0
2258,Jos Buttler,155,129,4226,40.63,119.85,162,25,10,22,347,146,0,0,0,0,0,0,0.0,0.0,0,0
13135,Anuj Rawat,0,0,0,0.0,0.0,0,0,0,0,0,0,0,0,0,0,0,0,0.0,0.0,0,0
6293,Varun Aaron,9,3,8,8.0,53.33,6,2,0,0,1,0,9,380,419,11,24 / 3,24 / 3,6.62,38.09,0,0
1413,Virat Kohli,262,253,12344,57.68,92.84,183,39,43,64,1159,126,48,641,665,4,15 / 1,15 / 1,6.22,166.25,0,0
7910,Yuzvendra Chahal,64,13,69,8.62,57.98,18,5,0,0,8,0,63,3437,2971,111,42 / 6,42 / 6,5.19,26.77,2,0
1643,Aaron Finch,140,136,5375,40.41,88.03,153,3,17,30,530,129,21,284,259,4,2 / 1,2 / 1,5.47,64.75,0,0
10808,Mohammed Siraj,5,2,7,3.5,63.64,4,0,0,0,1,0,5,270,235,7,29 / 3,29 / 3,5.22,33.57,0,0
8281,Pawan Negi,0,0,0,0.0,0.0,0,0,0,0,0,0,0,0,0,0,0,0,0.0,0.0,0,0
74,Parthiv Patel,38,34,736,23.74,76.51,95,3,0,4,79,7,0,0,0,0,0,0,0.0,0.0,0,0
9715,Navdeep Saini,8,5,107,53.5,78.1,45,3,0,0,9,3,8,420,481,6,58 / 2,58 / 2,6.87,80.17,0,0
508,Dale Steyn,125,51,365,9.36,64.95,60,12,0,1,35,9,124,6256,5088,196,39 / 6,39 / 6,4.88,25.96,3,0
10945,Washington Sundar,4,2,57,28.5,76.0,33,0,0,0,3,1,4,168,140,5,30 / 3,30 / 3,5.0,28.0,0,0
8642,Adam Zampa,67,31,176,8.38,60.27,36,10,0,0,14,1,67,3556,3274,103,38 / 4,38 / 4,5.52,31.79,0,0
1858,Umesh Yadav,75,24,79,7.9,58.96,18,14,0,0,8,1,73,3558,3565,106,31 / 4,31 / 4,6.01,33.63,0,0
1920,Isuru Udana,21,18,237,16.93,95.18,78,4,0,1,17,10,21,909,950,18,82 / 3,82 / 3,6.27,52.78,0,0
14606,Shahbaz Ahmed,0,0,0,0.0,0.0,0,0,0,0,0,0,0,0,0,0,0,0,0.0,0.0,0,0
13172,Josh Philippe,3,3,65,21.67,73.03,39,0,0,0,8,2,0,0,0,0,0,0,0.0,0.0,0,0
13088,Devdutt Padikkal,0,0,0,0.0,0.0,0,0,0,0,0,0,0,0,0,0,0,0,0.0,0.0,0,0
8333,Chris Morris,42,27,468,20.35,100.65,62,4,0,1,36,15,40,1894,1756,48,31 / 4,31 / 4,5.56,36.58,0,0
8298,Gurkeerat Singh Mann,3,3,13,6.5,100.0,8,1,0,0,2,0,3,60,68,0,17 / 0,17 / 0,6.8,0.0,0,0
11195,Shivam Dube,1,1,9,9.0,150.0,9,0,0,0,1,0,1,47,68,0,68 / 0,68 / 0,8.68,0.0,0,0
370,AB de Villiers,228,218,9577,53.5,101.1,176,39,25,53,840,204,9,192,202,7,15 / 2,15 / 2,6.31,28.86,0,0
6692,Moeen Ali,119,94,2017,25.53,99.7,128,15,3,5,173,68,110,5272,4630,92,46 / 4,46 / 4,5.27,50.33,0,0
1739,David Warner,133,131,5610,44.52,95.15,179,5,18,24,592,85,1,6,8,0,8 / 0,8 / 0,8.0,0.0,0,0
12086,Abhishek Sharma,0,0,0,0.0,0.0,0,0,0,0,0,0,0,0,0,0,0,0,0.0,0.0,0,0
9785,Fabian Allen,20,16,200,15.38,98.52,51,3,0,1,18,8,18,666,627,7,40 / 2,40 / 2,5.65,89.57,0,0
10267,Basil Thampi,0,0,0,0.0,0.0,0,0,0,0,0,0,0,0,0,0,0,0,0.0,0.0,0,0
1807,Shreevats Goswami,0,0,0,0.0,0.0,0,0,0,0,0,0,0,0,0,0,0,0,0.0,0.0,0,0
1828,Siddarth Kaul,3,2,1,0.5,33.33,1,0,0,0,0,0,3,162,179,0,58 / 0,58 / 0,6.63,0.0,0,0
7906,Shahbaz Nadeem,0,0,0,0.0,0.0,0,0,0,0,0,0,0,0,0,0,0,0,0.0,0.0,0,0
1836,Manish Pandey,29,24,566,33.29,90.56,104,7,1,2,45,5,0,0,0,0,0,0,0.0,0.0,0,0
10738,Rashid Khan,83,65,1114,21.02,105.69,60,12,0,5,95,40,79,4241,2947,158,18 / 7,18 / 7,4.17,18.65,4,0
11631,Sanjay Yadav,0,0,0,0.0,0.0,0,0,0,0,0,0,0,0,0,0,0,0,0.0,0.0,0,0
9572,Billy Stanlake,7,5,4,1.33,14.29,2,2,0,0,0,0,7,354,324,7,35 / 3,35 / 3,5.49,46.29,0,0
6326,Kane Williamson,151,144,6174,47.49,81.76,148,14,13,39,564,49,65,1467,1310,37,22 / 4,22 / 4,5.36,35.41,0,0
10213,Virat Singh,0,0,0,0.0,0.0,0,0,0,0,0,0,0,0,0,0,0,0,0.0,0.0,0,0
8204,Vijay Shankar,12,8,223,31.86,90.65,46,1,0,0,20,4,9,233,210,4,15 / 2,15 / 2,5.41,52.5,0,0
8356,Sandeep Sharma,0,0,0,0.0,0.0,0,0,0,0,0,0,0,0,0,0,0,0,0.0,0.0,0,0
1465,Wriddhiman Saha,9,5,41,13.67,73.21,16,2,0,0,5,0,0,0,0,0,0,0,0.0,0.0,0,0
13113,Prithvi Raj,0,0,0,0.0,0.0,0,0,0,0,0,0,0,0,0,0,0,0,0.0,0.0,0,0
10225,T Natarajan,2,1,0,0.0,0.0,0,1,0,0,0,0,2,120,143,3,70 / 2,70 / 2,7.15,47.67,0,0
3007,Mohammad Nabi,133,118,2901,27.37,84.75,116,12,1,15,181,90,129,6405,4545,142,30 / 4,30 / 4,4.26,32.01,0,0
8313,Jason Holder,127,103,2019,24.62,91.19,99,21,0,11,146,64,123,5863,5412,146,27 / 5,27 / 5,5.54,37.07,2,0
12089,Priyam Garg,0,0,0,0.0,0.0,0,0,0,0,0,0,0,0,0,0,0,0,0.0,0.0,0,0
6507,Jonny Bairstow,93,85,3606,46.83,104.13,141,8,11,15,405,89,0,0,0,0,0,0,0.0,0.0,0,0
10952,Khaleel Ahmed,11,3,9,4.5,52.94,5,1,0,0,1,0,11,480,465,15,13 / 3,13 / 3,5.81,31.0,0,0
14628,Abdul Samad,0,0,0,0.0,0.0,0,0,0,0,0,0,0,0,0,0,0,0,0.0,0.0,0,0
1448,Cheteshwar Pujara,5,5,51,10.2,39.23,27,0,0,0,4,0,0,0,0,0,0,0,0.0,0.0,0,0
9244,Lukman Hussain Meriwala,0,0,0,0.0,0.0,0,0,0,0,0,0,0,0,0,0,0,0,0.0,0.0,0,0
7990,Sam Billings,25,20,607,33.72,92.39,118,2,1,4,68,6,0,0,0,0,0,0,0.0,0.0,0,0
11893,Vishnu Vinod,0,0,0,0.0,0.0,0,0,0,0,0,0,0,0,0,0,0,0,0.0,0.0,0,0
9443,Tim Seifert,3,2,33,16.5,122.22,22,0,0,0,2,1,0,0,0,0,0,0,0.0,0.0,0,0
544,Shakib al Hasan,221,209,6755,37.53,82.26,134,29,9,50,611,46,218,11351,8401,285,29 / 5,29 / 5,4.44,29.48,3,0
8846,Sheldon Jackson,0,0,0,0.0,0.0,0,0,0,0,0,0,0,0,0,0,0,0,0.0,0.0,0,0
15861,Vaibhav Arora,0,0,0,0.0,0.0,0,0,0,0,0,0,0,0,0,0,0,0,0.0,0.0,0,0
8118,Ben Cutting,4,2,53,26.5,79.1,27,0,0,0,4,1,4,216,158,5,45 / 3,45 / 3,4.39,31.6,0,0
10917,Venkatesh Iyer,2,2,24,12.0,60.0,22,0,0,0,0,1,1,30,28,0,28 / 0,28 / 0,5.6,0.0,0,0
7625,Adam Milne,40,17,168,16.8,101.82,36,7,0,0,11,4,39,1801,1581,41,49 / 3,49 / 3,5.27,38.56,0,0
14565,Marco Jansen,2,1,2,2.0,50.0,2,0,0,0,0,0,2,114,106,2,57 / 2,57 / 2,5.58,53.0,0,0
6660,Dawid Malan,9,9,319,53.17,93.55,125,3,1,2,28,4,1,4,5,1,5 / 1,5 / 1,0.0,5.0,0,0
10280,Jhye Richardson,15,9,93,18.6,86.92,29,4,0,0,7,0,15,810,793,27,26 / 4,26 / 4,5.87,29.37,0,0
10226,Shahrukh Khan,0,0,0,0.0,0.0,0,0,0,0,0,0,0,0,0,0,0,0,0.0,0.0,0,0
12226,Riley Meredith,1,1,0,0.0,0.0,0,1,0,0,0,0,1,30,36,0,36 / 0,36 / 0,7.2,0.0,0,0
1437,Moises Henriques,16,15,117,9.0,60.94,22,2,0,0,10,0,12,402,347,8,32 / 3,32 / 3,5.18,43.38,0,0
8107,Jalaj Saxena,0,0,0,0.0,0.0,0,0,0,0,0,0,0,0,0,0,0,0,0.0,0.0,0,0
15480,Nathan Ellis,3,3,6,6.0,85.71,3,2,0,0,0,0,3,138,140,3,36 / 1,36 / 1,6.09,46.67,0,0
9863,Mustafizur Rahim,77,33,82,6.83,54.67,18,21,0,0,9,0,76,3732,3168,134,43 / 6,43 / 6,5.09,23.64,5,0
9863,Mustafizur Rahim,77,33,82,6.83,54.67,18,21,0,0,9,0,76,3732,3168,134,43 / 6,43 / 6,5.09,23.64,5,0
9863,Mustafizur Rahim,77,33,82,6.83,54.67,18,21,0,0,9,0,76,3732,3168,134,43 / 6,43 / 6,5.09,23.64,5,0
9863,Mustafizur Rahim,77,33,82,6.83,54.67,18,21,0,0,9,0,76,3732,3168,134,43 / 6,43 / 6,5.09,23.64,5,0
9863,Mustafizur Rahim,77,33,82,6.83,54.67,18,21,0,0,9,0,76,3732,3168,134,43 / 6,43 / 6,5.09,23.64,5,0
9863,Mustafizur Rahim,77,33,82,6.83,54.67,18,21,0,0,9,0,76,3732,3168,134,43 / 6,43 / 6,5.09,23.64,5,0
9863,Mustafizur Rahim,77,33,82,6.83,54.67,18,21,0,0,9,0,76,3732,3168,134,43 / 6,43 / 6,5.09,23.64,5,0
9863,Mustafizur Rahim,77,33,82,6.83,54.67,18,21,0,0,9,0,76,3732,3168,134,43 / 6,43 / 6,5.09,23.64,5,0
9863,Mustafizur Rahman,77,33,82,6.83,54.67,18,21,0,0,9,0,76,3732,3168,134,43 / 6,43 / 6,5.09,23.64,5,0
9863,Mustafizur Rahman,77,33,82,6.83,54.67,18,21,0,0,9,0,76,3732,3168,134,43 / 6,43 / 6,5.09,23.64,5,0
9863,Mustafizur Rahman,77,33,82,6.83,54.67,18,21,0,0,9,0,76,3732,3168,134,43 / 6,43 / 6,5.09,23.64,5,0
9863,Mustafizur Rahman,77,33,82,6.83,54.67,18,21,0,0,9,0,76,3732,3168,134,43 / 6,43 / 6,5.09,23.64,5,0
9863,Mustafizur Rahman,77,33,82,6.83,54.67,18,21,0,0,9,0,76,3732,3168,134,43 / 6,43 / 6,5.09,23.64,5,0
9863,Mustafizur Rahman,77,33,82,6.83,54.67,18,21,0,0,9,0,76,3732,3168,134,43 / 6,43 / 6,5.09,23.64,5,0
9863,Mustafizur Rahman,77,33,82,6.83,54.67,18,21,0,0,9,0,76,3732,3168,134,43 / 6,43 / 6,5.09,23.64,5,0
9863,Mustafizur Rahman,77,33,82,6.83,54.67,18,21,0,0,9,0,76,3732,3168,134,43 / 6,43 / 6,5.09,23.64,5,0
13494,Chetan Sakariya,1,1,0,0.0,0.0,0,1,0,0,0,0,1,48,34,2,34 / 2,34 / 2,4.25,17.0,0,0
10045,Liam Livingstone,10,9,212,30.29,119.1,66,2,0,1,16,14,6,144,136,6,30 / 2,30 / 2,5.67,22.67,0,0
13537,Kuldip Yadav,0,0,0,0.0,0.0,0,0,0,0,0,0,0,0,0,0,0,0,0.0,0.0,0,0
10693,Glenn Phillips,3,3,101,33.67,102.02,47,0,0,0,10,4,3,54,49,2,9 / 1,9 / 1,5.44,24.5,0,0
8709,Sachin Baby,0,0,0,0.0,0.0,0,0,0,0,0,0,0,0,0,0,0,0,0.0,0.0,0,0
10636,Rajat Patidar,0,0,0,0.0,0.0,0,0,0,0,0,0,0,0,0,0,0,0,0.0,0.0,0,0
9441,Kyle Jamieson,8,3,34,34.0,109.68,25,2,0,0,2,2,8,412,296,11,45 / 3,45 / 3,4.31,26.91,0,0
12669,Suyesh Prabhudessai,0,0,0,0.0,0.0,0,0,0,0,0,0,0,0,0,0,0,0,0.0,0.0,0,0
12669,Suyesh Prabhudessai,0,0,0,0.0,0.0,0,0,0,0,0,0,0,0,0,0,0,0,0.0,0.0,0,0
12669,Suyesh Prabhudessai,0,0,0,0.0,0.0,0,0,0,0,0,0,0,0,0,0,0,0,0.0,0.0,0,0
12669,Suyesh Prabhudessai,0,0,0,0.0,0.0,0,0,0,0,0,0,0,0,0,0,0,0,0.0,0.0,0,0
12669,Suyesh Prabhudessai,0,0,0,0.0,0.0,0,0,0,0,0,0,0,0,0,0,0,0,0.0,0.0,0,0
12669,Suyesh Prabhudessai,0,0,0,0.0,0.0,0,0,0,0,0,0,0,0,0,0,0,0,0.0,0.0,0,0
12669,Suyesh Prabhudessai,0,0,0,0.0,0.0,0,0,0,0,0,0,0,0,0,0,0,0,0.0,0.0,0,0
12669,Suyesh Prabhudessai,0,0,0,0.0,0.0,0,0,0,0,0,0,0,0,0,0,0,0,0.0,0.0,0,0
12669,Suyash Prabhudessai,0,0,0,0.0,0.0,0,0,0,0,0,0,0,0,0,0,0,0,0.0,0.0,0,0
12669,Suyash Prabhudessai,0,0,0,0.0,0.0,0,0,0,0,0,0,0,0,0,0,0,0,0.0,0.0,0,0
12669,Suyash Prabhudessai,0,0,0,0.0,0.0,0,0,0,0,0,0,0,0,0,0,0,0,0.0,0.0,0,0
12669,Suyash Prabhudessai,0,0,0,0.0,0.0,0,0,0,0,0,0,0,0,0,0,0,0,0.0,0.0,0,0
12669,Suyash Prabhudessai,0,0,0,0.0,0.0,0,0,0,0,0,0,0,0,0,0,0,0,0.0,0.0,0,0
12669,Suyash Prabhudessai,0,0,0,0.0,0.0,0,0,0,0,0,0,0,0,0,0,0,0,0.0,0.0,0,0
12669,Suyash Prabhudessai,0,0,0,0.0,0.0,0,0,0,0,0,0,0,0,0,0,0,0,0.0,0.0,0,0
12669,Suyash Prabhudessai,0,0,0,0.0,0.0,0,0,0,0,0,0,0,0,0,0,0,0,0.0,0.0,0,0
13169,Tim David,0,0,0,0.0,0.0,0,0,0,0,0,0,0,0,0,0,0,0,0.0,0.0,0,0
8393,Dushmantha Chameera,42,29,223,12.39,63.35,29,11,0,0,16,3,41,1747,1577,44,16 / 5,16 / 5,5.42,35.84,1,0
10926,Wanindu Hasaranga,31,29,604,25.17,103.42,80,5,0,3,49,19,30,1423,1209,34,58 / 4,58 / 4,5.1,35.56,0,0
1726,Bhuvneshwar Kumar,121,55,552,14.15,73.9,53,16,0,1,46,8,120,5847,4951,141,42 / 5,42 / 5,5.08,35.11,1,0
13866,Sai Sudharshan,0,0,0,0.0,0.0,0,0,0,0,0,0,0,0,0,0,0,0,0.0,0.0,0,0
13213,Rahmanullah Gurbaz,12,12,456,41.45,87.86,127,1,3,0,35,21,0,0,0,0,0,0,0.0,0.0,0,0
1649,Matthew Wade,97,83,1867,26.3,81.6,100,12,1,11,129,34,0,0,0,0,0,0,0.0,0.0,0,0
14172,Yash Dayal,0,0,0,0.0,0.0,0,0,0,0,0,0,0,0,0,0,0,0,0.0,0.0,0,0
1472,Pradeep Sangwan,0,0,0,0.0,0.0,0,0,0,0,0,0,0,0,0,0,0,0,0.0,0.0,0,0
11220,Alzarri Joseph,49,29,263,15.47,61.59,29,12,0,0,19,10,48,2486,2157,78,56 / 5,56 / 5,5.21,27.65,1,0
15452,Noor Ahmad,0,0,0,0.0,0.0,0,0,0,0,0,0,0,0,0,0,0,0,0.0,0.0,0,0
13750,Dominic Drakes,0,0,0,0.0,0.0,0,0,0,0,0,0,0,0,0,0,0,0,0.0,0.0,0,0
9838,Devon Conway,3,3,225,75.0,88.24,126,0,1,1,26,0,0,0,0,0,0,0,0.0,0.0,0,0
18504,Maheesh Theekshana,9,6,28,28.0,47.46,11,5,0,0,1,0,9,492,334,10,37 / 4,37 / 4,4.07,33.4,0,0
16458,Matheesha Pathirana,0,0,0,0.0,0.0,0,0,0,0,0,0,0,0,0,0,0,0,0.0,0.0,0,0
13184,Mukesh Choudhary,0,0,0,0.0,0.0,0,0,0,0,0,0,0,0,0,0,0,0,0.0,0.0,0,0
12805,Prashant Solanki,0,0,0,0.0,0.0,0,0,0,0,0,0,0,0,0,0,0,0,0.0,0.0,0,0
8651,Dwaine Pretorius,25,12,175,15.91,87.94,50,1,0,1,13,5,25,1108,911,31,5 / 3,5 / 3,4.93,29.39,0,0
11445,Rovman Powell,43,40,878,23.73,82.6,101,3,1,2,55,37,15,280,275,3,7 / 1,7 / 1,5.89,91.67,0,0
6250,Mitchell Marsh	,66,62,1732,32.68,88.96,102,9,1,12,146,42,61,2033,1861,52,33 / 5,33 / 5,5.49,35.79,1,0
12813,Abhijeet Tomar,0,0,0,0.0,0.0,0,0,0,0,0,0,0,0,0,0,0,0,0.0,0.0,0,0
9624,Baba Indrajith,0,0,0,0.0,0.0,0,0,0,0,0,0,0,0,0,0,0,0,0.0,0.0,0,0
1057,Tim Southee,143,86,681,12.61,97.84,55,32,0,1,53,26,141,7195,6557,190,33 / 7,33 / 7,5.47,34.51,3,0
9500,Chamika Karunaratne,18,17,376,34.18,87.65,75,6,0,1,22,8,16,498,460,16,47 / 3,47 / 3,5.54,28.75,0,0
8579,Evin Lewis,57,54,1847,36.22,82.97,176,3,4,10,185,52,0,0,0,0,0,0,0.0,0.0,0,0
8440,Kyle Mayers,11,10,261,26.1,79.09,120,0,1,0,25,10,7,246,229,4,50 / 2,50 / 2,5.59,57.25,0,0
18738,Karan Sharma,0,0,0,0.0,0.0,0,0,0,0,0,0,0,0,0,0,0,0,0.0,0.0,0,0
13907,Ayush Badoni,0,0,0,0.0,0.0,0,0,0,0,0,0,0,0,0,0,0,0,0.0,0.0,0,0
14504,Tilak Varma,0,0,0,0.0,0.0,0,0,0,0,0,0,0,0,0,0,0,0,0.0,0.0,0,0
12337,Ramandeep Singh,0,0,0,0.0,0.0,0,0,0,0,0,0,0,0,0,0,0,0,0.0,0.0,0,0
20538,Dewald Brevis,0,0,0,0.0,0.0,0,0,0,0,0,0,0,0,0,0,0,0,0.0,0.0,0,0
14190,Kumar Kartikeya Singh,0,0,0,0.0,0.0,0,0,0,0,0,0,0,0,0,0,0,0,0.0,0.0,0,0
7860,Tymal Mills,0,0,0,0.0,0.0,0,0,0,0,0,0,0,0,0,0,0,0,0.0,0.0,0,0
14595,Hrithik Shokeen,0,0,0,0.0,0.0,0,0,0,0,0,0,0,0,0,0,0,0,0.0,0.0,0,0
11054,Prerak Mankad,0,0,0,0.0,0.0,0,0,0,0,0,0,0,0,0,0,0,0,0.0,0.0,0,0
7869,Bhanuka Rajapaksa,5,5,89,17.8,104.71,65,0,0,1,14,2,0,0,0,0,0,0,0.0,0.0,0,0
10214,Jitesh Sharma,0,0,0,0.0,0.0,0,0,0,0,0,0,0,0,0,0,0,0,0.0,0.0,0,0
11215,Odean Smith,5,5,144,36.0,192.0,46,1,0,0,8,14,5,145,122,6,26 / 2,26 / 2,5.05,20.33,0,0
22601,Raj Bawa	,0,0,0,0.0,0.0,0,0,0,0,0,0,0,0,0,0,0,0,0.0,0.0,0,0
8616,Rishi Dhawan,3,2,12,12.0,92.31,9,1,0,0,1,0,3,150,160,1,74 / 1,74 / 1,6.4,160.0,0,0
9554,Rassie van der Dussen,36,31,1499,74.95,90.63,134,11,3,11,104,28,1,6,3,1,3 / 1,3 / 1,3.0,3.0,0,0
14336,Kuldeep Sen,0,0,0,0.0,0.0,0,0,0,0,0,0,0,0,0,0,0,0,0.0,0.0,0,0
11221,Obed McCoy,2,1,0,0.0,0.0,0,1,0,0,0,0,2,84,109,4,38 / 2,38 / 2,7.79,27.25,0,0
12639,Tejas Baroka,0,0,0,0.0,0.0,0,0,0,0,0,0,0,0,0,0,0,0,0.0,0.0,0,0
10353,KC Cariappa,0,0,0,0.0,0.0,0,0,0,0,0,0,0,0,0,0,0,0,0.0,0.0,0,0
10713,Daryl Mitchell,3,2,112,0.0,114.29,100,2,1,0,11,2,2,30,33,0,8 / 0,8 / 0,6.6,0.0,0,0
11172,Finn Allen ,3,3,99,33.0,104.21,60,0,0,1,14,3,0,0,0,0,0,0,0.0,0.0,0,0
14726,Akash Deep,0,0,0,0.0,0.0,0,0,0,0,0,0,0,0,0,0,0,0,0.0,0.0,0,0
6592,David Willey,58,32,457,24.05,88.39,51,13,0,2,37,14,57,2577,2398,78,30 / 5,30 / 5,5.58,30.74,1,0
9582,Aiden Markram,39,36,976,28.71,88.81,96,2,0,4,108,19,14,426,380,11,18 / 2,18 / 2,5.35,34.55,0,0
19027,Umran Malik,0,0,0,0.0,0.0,0,0,0,0,0,0,0,0,0,0,0,0,0.0,0.0,0,0
13646,Romario Shepherd,16,12,160,13.33,84.21,50,0,0,1,12,5,15,571,489,9,50 / 3,50 / 3,5.14,54.33,0,0
8136,Sean Abbott,5,5,98,19.6,120.99,49,0,0,0,12,1,5,204,234,3,25 / 1,25 / 1,6.88,78.0,0,0
